length,Treatment,p
30,Control,0
30.1,Control,0
30.2,Control,0
30.3,Control,0
30.4,Control,0
30.5,Control,0
30.6,Control,0
30.7,Control,0
30.8,Control,0
30.9,Control,0
31,Control,0
31.1,Control,0
31.2,Control,0
31.3,Control,0
31.4,Control,0
31.5,Control,0
31.6,Control,0
31.7,Control,0
31.8,Control,0
31.9,Control,0
32,Control,0
32.1,Control,0
32.2,Control,0
32.3,Control,0
32.4,Control,0
32.5,Control,0
32.6,Control,0
32.7,Control,0
32.8,Control,0
32.9,Control,0
33,Control,0
33.1,Control,0
33.2,Control,0
33.3,Control,0
33.4,Control,0
33.5,Control,0
33.6,Control,0
33.7,Control,0
33.8,Control,0
33.9,Control,0
34,Control,0
34.1,Control,0
34.2,Control,0
34.3,Control,0
34.4,Control,0
34.5,Control,0
34.6,Control,0
34.7,Control,0
34.8,Control,0
34.9,Control,0
35,Control,0
35.1,Control,0
35.2,Control,0
35.3,Control,0
35.4,Control,0
35.5,Control,0
35.6,Control,0
35.7,Control,0
35.8,Control,0
35.9,Control,0
36,Control,0
36.1,Control,0
36.2,Control,0
36.3,Control,0
36.4,Control,0
36.5,Control,0
36.6,Control,0
36.7,Control,0
36.8,Control,0
36.9,Control,0
37,Control,0
37.1,Control,0
37.2,Control,0
37.3,Control,0
37.4,Control,0
37.5,Control,0
37.6,Control,0
37.7,Control,0
37.8,Control,0
37.9,Control,0
38,Control,0
38.1,Control,0
38.2,Control,0
38.3,Control,0
38.4,Control,0
38.5,Control,0
38.6,Control,0
38.7,Control,0
38.8,Control,0
38.9,Control,2e-4
39,Control,0
39.1,Control,0
39.2,Control,0
39.3,Control,2e-4
39.4,Control,6e-4
39.5,Control,0
39.6,Control,0
39.7,Control,6e-4
39.8,Control,2e-4
39.9,Control,2e-4
40,Control,0.001
40.1,Control,0.001
40.2,Control,0.0014
40.3,Control,4e-4
40.4,Control,6e-4
40.5,Control,8e-4
40.6,Control,8e-4
40.7,Control,0.0014
40.8,Control,0.0014
40.9,Control,0.0018
41,Control,0.0026
41.1,Control,0.003
41.2,Control,0.0036
41.3,Control,0.0042
41.4,Control,0.0048
41.5,Control,0.004
41.6,Control,0.004
41.7,Control,0.007
41.8,Control,0.0058
41.9,Control,0.0078
42,Control,0.0096
42.1,Control,0.0096
42.2,Control,0.0106
42.3,Control,0.0126
42.4,Control,0.014
42.5,Control,0.0146
42.6,Control,0.0176
42.7,Control,0.0212
42.8,Control,0.0218
42.9,Control,0.0256
43,Control,0.0286
43.1,Control,0.0364
43.2,Control,0.036
43.3,Control,0.042
43.4,Control,0.0404
43.5,Control,0.043
43.6,Control,0.0538
43.7,Control,0.056
43.8,Control,0.061
43.9,Control,0.0654
44,Control,0.0764
44.1,Control,0.0854
44.2,Control,0.0874
44.3,Control,0.0886
44.4,Control,0.1046
44.5,Control,0.112
44.6,Control,0.1184
44.7,Control,0.1288
44.8,Control,0.1308
44.9,Control,0.1434
45,Control,0.1594
45.1,Control,0.159
45.2,Control,0.1698
45.3,Control,0.1854
45.4,Control,0.1968
45.5,Control,0.204
45.6,Control,0.215
45.7,Control,0.2292
45.8,Control,0.2536
45.9,Control,0.2578
46,Control,0.278
46.1,Control,0.28
46.2,Control,0.2982
46.3,Control,0.3202
46.5,Control,0.3512
46.6,Control,0.372
46.7,Control,0.3834
46.8,Control,0.3876
47,Control,0.4276
47.1,Control,0.4452
47.2,Control,0.4586
47.3,Control,0.4814
47.400000000000006,Control,0.4888
47.5,Control,0.5098
47.6,Control,0.5242
47.7,Control,0.5386
47.8,Control,0.5492
47.900000000000006,Control,0.5762
48,Control,0.5916
48.1,Control,0.6028
48.2,Control,0.6168
48.3,Control,0.641
48.400000000000006,Control,0.662
48.5,Control,0.681
48.6,Control,0.6812
48.7,Control,0.6892
48.8,Control,0.703
48.900000000000006,Control,0.7264
49,Control,0.736
49.1,Control,0.7408
49.2,Control,0.7692
49.3,Control,0.7706
49.400000000000006,Control,0.7776
49.5,Control,0.7992
49.6,Control,0.8124
49.7,Control,0.822
49.8,Control,0.829
49.900000000000006,Control,0.8332
50,Control,0.855
50.1,Control,0.8594
50.2,Control,0.8582
50.3,Control,0.877
50.400000000000006,Control,0.8844
50.5,Control,0.895
50.6,Control,0.8994
50.7,Control,0.8992
50.8,Control,0.9104
50.900000000000006,Control,0.9202
51,Control,0.916
51.1,Control,0.9244
51.2,Control,0.9298
51.3,Control,0.9354
51.400000000000006,Control,0.947
51.5,Control,0.9432
51.6,Control,0.948
51.7,Control,0.9542
51.8,Control,0.9594
51.900000000000006,Control,0.959
52,Control,0.9632
52.1,Control,0.9638
52.2,Control,0.969
52.3,Control,0.9756
52.400000000000006,Control,0.9746
52.5,Control,0.972
52.6,Control,0.978
52.7,Control,0.985
52.8,Control,0.9824
52.900000000000006,Control,0.9828
53,Control,0.9856
53.1,Control,0.986
53.2,Control,0.9878
53.3,Control,0.9858
53.400000000000006,Control,0.9862
53.5,Control,0.9932
53.6,Control,0.992
53.7,Control,0.9906
53.8,Control,0.9926
53.900000000000006,Control,0.9942
54,Control,0.9942
54.1,Control,0.9942
54.2,Control,0.9942
54.3,Control,0.9954
54.400000000000006,Control,0.997
54.5,Control,0.9964
54.6,Control,0.9984
54.7,Control,0.9968
54.8,Control,0.9972
54.900000000000006,Control,0.9986
55,Control,0.9988
55.1,Control,0.999
55.2,Control,0.9982
55.3,Control,0.9988
55.400000000000006,Control,0.9986
55.5,Control,0.999
55.6,Control,0.9984
55.7,Control,0.9996
55.8,Control,0.9992
55.900000000000006,Control,0.999
56,Control,0.9996
56.1,Control,0.9994
56.2,Control,0.9996
56.3,Control,0.9998
56.400000000000006,Control,0.9998
56.5,Control,0.9992
56.6,Control,1
56.7,Control,0.9994
56.8,Control,0.9996
56.900000000000006,Control,0.9996
57,Control,1
57.1,Control,1
57.2,Control,0.9998
57.3,Control,1
57.400000000000006,Control,1
57.5,Control,0.9996
57.6,Control,1
57.7,Control,0.9998
57.8,Control,1
57.900000000000006,Control,1
58,Control,1
58.1,Control,1
58.2,Control,0.9998
58.3,Control,1
58.400000000000006,Control,1
58.5,Control,1
58.6,Control,1
58.7,Control,1
58.8,Control,1
58.900000000000006,Control,1
59,Control,1
59.1,Control,1
59.2,Control,1
59.3,Control,1
59.400000000000006,Control,1
59.5,Control,1
59.6,Control,1
59.7,Control,1
59.8,Control,1
59.900000000000006,Control,1
60,Control,1
60.1,Control,1
60.2,Control,1
60.3,Control,1
60.400000000000006,Control,1
60.5,Control,1
60.6,Control,1
60.7,Control,1
60.8,Control,1
60.900000000000006,Control,1
61,Control,1
61.1,Control,1
61.2,Control,1
61.3,Control,1
61.400000000000006,Control,1
61.5,Control,1
61.6,Control,1
61.7,Control,1
61.8,Control,1
61.900000000000006,Control,1
62,Control,1
62.1,Control,1
62.2,Control,1
62.4,Control,1
62.5,Control,1
62.6,Control,1
62.7,Control,1
62.9,Control,1
63,Control,1
63.1,Control,1
63.2,Control,1
63.4,Control,1
63.5,Control,1
63.6,Control,1
63.7,Control,1
63.9,Control,1
64,Control,1
64.1,Control,1
64.2,Control,1
64.30000000000001,Control,1
64.4,Control,1
64.5,Control,1
64.6,Control,1
64.7,Control,1
64.80000000000001,Control,1
64.9,Control,1
65,Control,1
65.1,Control,1
65.2,Control,1
65.30000000000001,Control,1
65.4,Control,1
65.5,Control,1
65.6,Control,1
65.7,Control,1
65.80000000000001,Control,1
65.9,Control,1
66,Control,1
66.1,Control,1
66.2,Control,1
66.30000000000001,Control,1
66.4,Control,1
66.5,Control,1
66.6,Control,1
66.7,Control,1
66.80000000000001,Control,1
66.9,Control,1
67,Control,1
67.1,Control,1
67.2,Control,1
67.30000000000001,Control,1
67.4,Control,1
67.5,Control,1
67.6,Control,1
67.7,Control,1
67.80000000000001,Control,1
67.9,Control,1
68,Control,1
68.1,Control,1
68.2,Control,1
68.30000000000001,Control,1
68.4,Control,1
68.5,Control,1
68.6,Control,1
68.7,Control,1
68.80000000000001,Control,1
68.9,Control,1
69,Control,1
69.1,Control,1
69.2,Control,1
69.30000000000001,Control,1
69.4,Control,1
69.5,Control,1
69.6,Control,1
69.7,Control,1
69.80000000000001,Control,1
69.9,Control,1
70,Control,1
70.1,Control,1
70.2,Control,1
70.30000000000001,Control,1
70.4,Control,1
70.5,Control,1
70.6,Control,1
70.7,Control,1
70.80000000000001,Control,1
70.9,Control,1
71,Control,1
71.1,Control,1
71.2,Control,1
71.30000000000001,Control,1
71.4,Control,1
71.5,Control,1
71.6,Control,1
71.7,Control,1
71.80000000000001,Control,1
71.9,Control,1
72,Control,1
72.1,Control,1
72.2,Control,1
72.30000000000001,Control,1
72.4,Control,1
72.5,Control,1
72.6,Control,1
72.7,Control,1
72.80000000000001,Control,1
72.9,Control,1
73,Control,1
73.1,Control,1
73.2,Control,1
73.30000000000001,Control,1
73.4,Control,1
73.5,Control,1
73.6,Control,1
73.7,Control,1
73.80000000000001,Control,1
73.9,Control,1
74,Control,1
74.1,Control,1
74.2,Control,1
74.30000000000001,Control,1
74.4,Control,1
74.5,Control,1
74.6,Control,1
74.7,Control,1
74.80000000000001,Control,1
74.9,Control,1
75,Control,1
75.1,Control,1
75.2,Control,1
75.30000000000001,Control,1
75.4,Control,1
75.5,Control,1
75.6,Control,1
75.7,Control,1
75.80000000000001,Control,1
75.9,Control,1
76,Control,1
76.1,Control,1
76.2,Control,1
76.30000000000001,Control,1
76.4,Control,1
76.5,Control,1
76.6,Control,1
76.7,Control,1
76.80000000000001,Control,1
76.9,Control,1
77,Control,1
77.1,Control,1
77.2,Control,1
77.30000000000001,Control,1
77.4,Control,1
77.5,Control,1
77.6,Control,1
77.7,Control,1
77.80000000000001,Control,1
77.9,Control,1
78,Control,1
78.1,Control,1
78.2,Control,1
78.30000000000001,Control,1
78.4,Control,1
78.5,Control,1
78.6,Control,1
78.7,Control,1
78.80000000000001,Control,1
78.9,Control,1
79,Control,1
79.1,Control,1
79.2,Control,1
79.30000000000001,Control,1
79.4,Control,1
79.5,Control,1
79.6,Control,1
79.7,Control,1
79.80000000000001,Control,1
79.9,Control,1
80,Control,1
80.1,Control,1
80.2,Control,1
80.30000000000001,Control,1
80.4,Control,1
80.5,Control,1
80.6,Control,1
80.7,Control,1
80.80000000000001,Control,1
80.9,Control,1
81,Control,1
81.1,Control,1
81.2,Control,1
81.30000000000001,Control,1
81.4,Control,1
81.5,Control,1
81.6,Control,1
81.7,Control,1
81.80000000000001,Control,1
81.9,Control,1
82,Control,1
82.1,Control,1
82.2,Control,1
82.30000000000001,Control,1
82.4,Control,1
82.5,Control,1
82.6,Control,1
82.7,Control,1
82.80000000000001,Control,1
82.9,Control,1
83,Control,1
83.1,Control,1
83.2,Control,1
83.30000000000001,Control,1
83.4,Control,1
83.5,Control,1
83.6,Control,1
83.7,Control,1
83.80000000000001,Control,1
83.9,Control,1
84,Control,1
84.1,Control,1
84.2,Control,1
84.30000000000001,Control,1
84.4,Control,1
84.5,Control,1
84.6,Control,1
84.7,Control,1
84.80000000000001,Control,1
84.9,Control,1
85,Control,1
85.1,Control,1
85.2,Control,1
85.30000000000001,Control,1
85.4,Control,1
85.5,Control,1
85.6,Control,1
85.7,Control,1
85.80000000000001,Control,1
85.9,Control,1
86,Control,1
86.1,Control,1
86.2,Control,1
86.30000000000001,Control,1
86.4,Control,1
86.5,Control,1
86.6,Control,1
86.7,Control,1
86.80000000000001,Control,1
86.9,Control,1
87,Control,1
87.1,Control,1
87.2,Control,1
87.30000000000001,Control,1
87.4,Control,1
87.5,Control,1
87.6,Control,1
87.7,Control,1
87.80000000000001,Control,1
87.9,Control,1
88,Control,1
88.1,Control,1
88.2,Control,1
88.30000000000001,Control,1
88.4,Control,1
88.5,Control,1
88.6,Control,1
88.7,Control,1
88.80000000000001,Control,1
88.9,Control,1
89,Control,1
89.1,Control,1
89.2,Control,1
89.30000000000001,Control,1
89.4,Control,1
89.5,Control,1
89.6,Control,1
89.7,Control,1
89.80000000000001,Control,1
89.9,Control,1
90,Control,1
90.1,Control,1
90.2,Control,1
90.30000000000001,Control,1
90.4,Control,1
90.5,Control,1
90.6,Control,1
90.7,Control,1
90.80000000000001,Control,1
90.9,Control,1
91,Control,1
91.1,Control,1
91.2,Control,1
91.30000000000001,Control,1
91.4,Control,1
91.5,Control,1
91.6,Control,1
91.7,Control,1
91.80000000000001,Control,1
91.9,Control,1
92,Control,1
92.1,Control,1
92.2,Control,1
92.30000000000001,Control,1
92.4,Control,1
92.5,Control,1
92.6,Control,1
92.7,Control,1
92.80000000000001,Control,1
92.9,Control,1
93,Control,1
93.1,Control,1
93.2,Control,1
93.30000000000001,Control,1
93.4,Control,1
93.5,Control,1
93.6,Control,1
93.7,Control,1
93.80000000000001,Control,1
93.9,Control,1
94,Control,1
94.2,Control,1
94.3,Control,1
94.4,Control,1
94.5,Control,1
94.7,Control,1
94.8,Control,1
94.9,Control,1
95,Control,1
95.2,Control,1
95.3,Control,1
95.4,Control,1
95.5,Control,1
95.7,Control,1
95.8,Control,1
95.9,Control,1
96,Control,1
96.2,Control,1
96.3,Control,1
96.4,Control,1
96.5,Control,1
96.7,Control,1
96.8,Control,1
96.9,Control,1
97,Control,1
97.2,Control,1
97.3,Control,1
97.4,Control,1
97.5,Control,1
97.7,Control,1
97.8,Control,1
97.9,Control,1
98,Control,1
98.2,Control,1
98.3,Control,1
98.4,Control,1
98.5,Control,1
98.60000000000001,Control,1
98.7,Control,1
98.8,Control,1
98.9,Control,1
99,Control,1
99.10000000000001,Control,1
99.2,Control,1
99.3,Control,1
99.4,Control,1
99.5,Control,1
99.60000000000001,Control,1
99.7,Control,1
99.8,Control,1
99.9,Control,1
100,Control,1
30,8.9 cm,0
30.1,8.9 cm,0
30.2,8.9 cm,0
30.3,8.9 cm,0
30.4,8.9 cm,0
30.5,8.9 cm,0
30.6,8.9 cm,0
30.7,8.9 cm,0
30.8,8.9 cm,0
30.9,8.9 cm,0
31,8.9 cm,0
31.1,8.9 cm,0
31.2,8.9 cm,0
31.3,8.9 cm,0
31.4,8.9 cm,0
31.5,8.9 cm,0
31.6,8.9 cm,0
31.7,8.9 cm,0
31.8,8.9 cm,0
31.9,8.9 cm,0
32,8.9 cm,0
32.1,8.9 cm,0
32.2,8.9 cm,0
32.3,8.9 cm,0
32.4,8.9 cm,0
32.5,8.9 cm,0
32.6,8.9 cm,0
32.7,8.9 cm,0
32.8,8.9 cm,0
32.9,8.9 cm,0
33,8.9 cm,0
33.1,8.9 cm,0
33.2,8.9 cm,0
33.3,8.9 cm,0
33.4,8.9 cm,0
33.5,8.9 cm,0
33.6,8.9 cm,0
33.7,8.9 cm,0
33.8,8.9 cm,0
33.9,8.9 cm,0
34,8.9 cm,0
34.1,8.9 cm,0
34.2,8.9 cm,0
34.3,8.9 cm,0
34.4,8.9 cm,0
34.5,8.9 cm,0
34.6,8.9 cm,0
34.7,8.9 cm,0
34.8,8.9 cm,0
34.9,8.9 cm,0
35,8.9 cm,0
35.1,8.9 cm,0
35.2,8.9 cm,0
35.3,8.9 cm,0
35.4,8.9 cm,0
35.5,8.9 cm,0
35.6,8.9 cm,0
35.7,8.9 cm,0
35.8,8.9 cm,0
35.9,8.9 cm,0
36,8.9 cm,0
36.1,8.9 cm,0
36.2,8.9 cm,0
36.3,8.9 cm,0
36.4,8.9 cm,0
36.5,8.9 cm,0
36.6,8.9 cm,0
36.7,8.9 cm,0
36.8,8.9 cm,0
36.9,8.9 cm,0
37,8.9 cm,0
37.1,8.9 cm,0
37.2,8.9 cm,0
37.3,8.9 cm,0
37.4,8.9 cm,0
37.5,8.9 cm,0
37.6,8.9 cm,0
37.7,8.9 cm,0
37.8,8.9 cm,0
37.9,8.9 cm,0
38,8.9 cm,0
38.1,8.9 cm,0
38.2,8.9 cm,0
38.3,8.9 cm,0
38.4,8.9 cm,0
38.5,8.9 cm,0
38.6,8.9 cm,0
38.7,8.9 cm,0
38.8,8.9 cm,0
38.9,8.9 cm,0
39,8.9 cm,0
39.1,8.9 cm,0
39.2,8.9 cm,0
39.3,8.9 cm,0
39.4,8.9 cm,0
39.5,8.9 cm,0
39.6,8.9 cm,0
39.7,8.9 cm,0
39.8,8.9 cm,0
39.9,8.9 cm,0
40,8.9 cm,0
40.1,8.9 cm,0
40.2,8.9 cm,0
40.3,8.9 cm,0
40.4,8.9 cm,0
40.5,8.9 cm,0
40.6,8.9 cm,0
40.7,8.9 cm,0
40.8,8.9 cm,0
40.9,8.9 cm,0
41,8.9 cm,0
41.1,8.9 cm,0
41.2,8.9 cm,0
41.3,8.9 cm,0
41.4,8.9 cm,0
41.5,8.9 cm,0
41.6,8.9 cm,0
41.7,8.9 cm,0
41.8,8.9 cm,0
41.9,8.9 cm,0
42,8.9 cm,0
42.1,8.9 cm,0
42.2,8.9 cm,0
42.3,8.9 cm,0
42.4,8.9 cm,0
42.5,8.9 cm,0
42.6,8.9 cm,0
42.7,8.9 cm,0
42.8,8.9 cm,0
42.9,8.9 cm,0
43,8.9 cm,0
43.1,8.9 cm,0
43.2,8.9 cm,0
43.3,8.9 cm,0
43.4,8.9 cm,0
43.5,8.9 cm,0
43.6,8.9 cm,0
43.7,8.9 cm,0
43.8,8.9 cm,0
43.9,8.9 cm,0
44,8.9 cm,0
44.1,8.9 cm,0
44.2,8.9 cm,0
44.3,8.9 cm,0
44.4,8.9 cm,0
44.5,8.9 cm,0
44.6,8.9 cm,0
44.7,8.9 cm,0
44.8,8.9 cm,0
44.9,8.9 cm,0
45,8.9 cm,0
45.1,8.9 cm,0
45.2,8.9 cm,0
45.3,8.9 cm,0
45.4,8.9 cm,0
45.5,8.9 cm,0
45.6,8.9 cm,0
45.7,8.9 cm,0
45.8,8.9 cm,0
45.9,8.9 cm,0
46,8.9 cm,0
46.1,8.9 cm,0
46.2,8.9 cm,0
46.3,8.9 cm,0
46.5,8.9 cm,0
46.6,8.9 cm,0
46.7,8.9 cm,2e-4
46.8,8.9 cm,0
47,8.9 cm,0
47.1,8.9 cm,0
47.2,8.9 cm,0
47.3,8.9 cm,2e-4
47.400000000000006,8.9 cm,2e-4
47.5,8.9 cm,0
47.6,8.9 cm,0
47.7,8.9 cm,0
47.8,8.9 cm,6e-4
47.900000000000006,8.9 cm,4e-4
48,8.9 cm,2e-4
48.1,8.9 cm,2e-4
48.2,8.9 cm,0
48.3,8.9 cm,4e-4
48.400000000000006,8.9 cm,6e-4
48.5,8.9 cm,0
48.6,8.9 cm,6e-4
48.7,8.9 cm,6e-4
48.8,8.9 cm,6e-4
48.900000000000006,8.9 cm,0.0018
49,8.9 cm,0.0012
49.1,8.9 cm,0.001
49.2,8.9 cm,0.0014
49.3,8.9 cm,8e-4
49.400000000000006,8.9 cm,0.0016
49.5,8.9 cm,0.0024
49.6,8.9 cm,0.0028
49.7,8.9 cm,0.0026
49.8,8.9 cm,0.0032
49.900000000000006,8.9 cm,0.0038
50,8.9 cm,0.0034
50.1,8.9 cm,0.0036
50.2,8.9 cm,0.0042
50.3,8.9 cm,0.003
50.400000000000006,8.9 cm,0.0058
50.5,8.9 cm,0.0068
50.6,8.9 cm,0.0078
50.7,8.9 cm,0.007
50.8,8.9 cm,0.0074
50.900000000000006,8.9 cm,0.0064
51,8.9 cm,0.009
51.1,8.9 cm,0.013
51.2,8.9 cm,0.014
51.3,8.9 cm,0.0138
51.400000000000006,8.9 cm,0.0148
51.5,8.9 cm,0.0172
51.6,8.9 cm,0.0166
51.7,8.9 cm,0.0224
51.8,8.9 cm,0.0252
51.900000000000006,8.9 cm,0.0264
52,8.9 cm,0.031
52.1,8.9 cm,0.0316
52.2,8.9 cm,0.035
52.3,8.9 cm,0.039
52.400000000000006,8.9 cm,0.0358
52.5,8.9 cm,0.0422
52.6,8.9 cm,0.0468
52.7,8.9 cm,0.0452
52.8,8.9 cm,0.0484
52.900000000000006,8.9 cm,0.0556
53,8.9 cm,0.0558
53.1,8.9 cm,0.0632
53.2,8.9 cm,0.0732
53.3,8.9 cm,0.074
53.400000000000006,8.9 cm,0.0794
53.5,8.9 cm,0.0896
53.6,8.9 cm,0.0902
53.7,8.9 cm,0.0924
53.8,8.9 cm,0.1058
53.900000000000006,8.9 cm,0.1154
54,8.9 cm,0.1138
54.1,8.9 cm,0.1314
54.2,8.9 cm,0.1328
54.3,8.9 cm,0.1398
54.400000000000006,8.9 cm,0.1508
54.5,8.9 cm,0.163
54.6,8.9 cm,0.1664
54.7,8.9 cm,0.1788
54.8,8.9 cm,0.1698
54.900000000000006,8.9 cm,0.186
55,8.9 cm,0.1974
55.1,8.9 cm,0.212
55.2,8.9 cm,0.2158
55.3,8.9 cm,0.2352
55.400000000000006,8.9 cm,0.244
55.5,8.9 cm,0.2606
55.6,8.9 cm,0.265
55.7,8.9 cm,0.2756
55.8,8.9 cm,0.286
55.900000000000006,8.9 cm,0.3064
56,8.9 cm,0.3018
56.1,8.9 cm,0.3294
56.2,8.9 cm,0.3354
56.3,8.9 cm,0.3528
56.400000000000006,8.9 cm,0.3748
56.5,8.9 cm,0.3764
56.6,8.9 cm,0.3872
56.7,8.9 cm,0.3982
56.8,8.9 cm,0.4226
56.900000000000006,8.9 cm,0.4298
57,8.9 cm,0.45
57.1,8.9 cm,0.45
57.2,8.9 cm,0.4698
57.3,8.9 cm,0.471
57.400000000000006,8.9 cm,0.4986
57.5,8.9 cm,0.5088
57.6,8.9 cm,0.5146
57.7,8.9 cm,0.5374
57.8,8.9 cm,0.5686
57.900000000000006,8.9 cm,0.567
58,8.9 cm,0.5774
58.1,8.9 cm,0.6054
58.2,8.9 cm,0.5906
58.3,8.9 cm,0.609
58.400000000000006,8.9 cm,0.6284
58.5,8.9 cm,0.6406
58.6,8.9 cm,0.6528
58.7,8.9 cm,0.676
58.8,8.9 cm,0.6916
58.900000000000006,8.9 cm,0.6948
59,8.9 cm,0.6976
59.1,8.9 cm,0.7074
59.2,8.9 cm,0.7112
59.3,8.9 cm,0.7306
59.400000000000006,8.9 cm,0.7442
59.5,8.9 cm,0.746
59.6,8.9 cm,0.7672
59.7,8.9 cm,0.782
59.8,8.9 cm,0.7782
59.900000000000006,8.9 cm,0.8038
60,8.9 cm,0.8088
60.1,8.9 cm,0.8048
60.2,8.9 cm,0.8264
60.3,8.9 cm,0.837
60.400000000000006,8.9 cm,0.8446
60.5,8.9 cm,0.837
60.6,8.9 cm,0.8442
60.7,8.9 cm,0.8586
60.8,8.9 cm,0.863
60.900000000000006,8.9 cm,0.8794
61,8.9 cm,0.8808
61.1,8.9 cm,0.886
61.2,8.9 cm,0.8936
61.3,8.9 cm,0.8948
61.400000000000006,8.9 cm,0.9056
61.5,8.9 cm,0.9118
61.6,8.9 cm,0.914
61.7,8.9 cm,0.9162
61.8,8.9 cm,0.9226
61.900000000000006,8.9 cm,0.9232
62,8.9 cm,0.9302
62.1,8.9 cm,0.933
62.2,8.9 cm,0.9412
62.4,8.9 cm,0.9464
62.5,8.9 cm,0.9538
62.6,8.9 cm,0.9542
62.7,8.9 cm,0.952
62.9,8.9 cm,0.9612
63,8.9 cm,0.9614
63.1,8.9 cm,0.9634
63.2,8.9 cm,0.97
63.4,8.9 cm,0.969
63.5,8.9 cm,0.9696
63.6,8.9 cm,0.9806
63.7,8.9 cm,0.981
63.9,8.9 cm,0.9808
64,8.9 cm,0.9822
64.1,8.9 cm,0.982
64.2,8.9 cm,0.9864
64.30000000000001,8.9 cm,0.982
64.4,8.9 cm,0.9898
64.5,8.9 cm,0.98740000000000006
64.6,8.9 cm,0.9896
64.7,8.9 cm,0.9884
64.80000000000001,8.9 cm,0.9896
64.9,8.9 cm,0.99
65,8.9 cm,0.991
65.1,8.9 cm,0.9908
65.2,8.9 cm,0.9928
65.30000000000001,8.9 cm,0.994
65.4,8.9 cm,0.9934
65.5,8.9 cm,0.9934
65.6,8.9 cm,0.9962
65.7,8.9 cm,0.9966
65.80000000000001,8.9 cm,0.9962
65.9,8.9 cm,0.9976
66,8.9 cm,0.997
66.1,8.9 cm,0.998
66.2,8.9 cm,0.9966
66.30000000000001,8.9 cm,0.9968
66.4,8.9 cm,0.9974
66.5,8.9 cm,0.9978
66.6,8.9 cm,0.9986
66.7,8.9 cm,0.9976
66.80000000000001,8.9 cm,0.9986
66.9,8.9 cm,0.9978
67,8.9 cm,0.9984
67.1,8.9 cm,0.9992
67.2,8.9 cm,0.9984
67.30000000000001,8.9 cm,0.999
67.4,8.9 cm,0.9994
67.5,8.9 cm,0.9988
67.6,8.9 cm,0.999
67.7,8.9 cm,0.9996
67.80000000000001,8.9 cm,0.999
67.9,8.9 cm,0.9994
68,8.9 cm,0.9996
68.1,8.9 cm,0.9996
68.2,8.9 cm,0.9996
68.30000000000001,8.9 cm,0.9998
68.4,8.9 cm,0.9994
68.5,8.9 cm,0.9994
68.6,8.9 cm,0.9994
68.7,8.9 cm,1
68.80000000000001,8.9 cm,0.9996
68.9,8.9 cm,0.9996
69,8.9 cm,1
69.1,8.9 cm,0.9996
69.2,8.9 cm,0.9998
69.30000000000001,8.9 cm,0.9998
69.4,8.9 cm,1
69.5,8.9 cm,1
69.6,8.9 cm,1
69.7,8.9 cm,1
69.80000000000001,8.9 cm,1
69.9,8.9 cm,0.9998
70,8.9 cm,1
70.1,8.9 cm,1
70.2,8.9 cm,1
70.30000000000001,8.9 cm,0.9996
70.4,8.9 cm,1
70.5,8.9 cm,1
70.6,8.9 cm,1
70.7,8.9 cm,1
70.80000000000001,8.9 cm,1
70.9,8.9 cm,1
71,8.9 cm,1
71.1,8.9 cm,1
71.2,8.9 cm,1
71.30000000000001,8.9 cm,1
71.4,8.9 cm,1
71.5,8.9 cm,1
71.6,8.9 cm,1
71.7,8.9 cm,1
71.80000000000001,8.9 cm,1
71.9,8.9 cm,1
72,8.9 cm,1
72.1,8.9 cm,1
72.2,8.9 cm,1
72.30000000000001,8.9 cm,1
72.4,8.9 cm,1
72.5,8.9 cm,1
72.6,8.9 cm,1
72.7,8.9 cm,1
72.80000000000001,8.9 cm,1
72.9,8.9 cm,1
73,8.9 cm,1
73.1,8.9 cm,1
73.2,8.9 cm,1
73.30000000000001,8.9 cm,1
73.4,8.9 cm,1
73.5,8.9 cm,1
73.6,8.9 cm,1
73.7,8.9 cm,1
73.80000000000001,8.9 cm,1
73.9,8.9 cm,1
74,8.9 cm,1
74.1,8.9 cm,1
74.2,8.9 cm,1
74.30000000000001,8.9 cm,1
74.4,8.9 cm,1
74.5,8.9 cm,1
74.6,8.9 cm,1
74.7,8.9 cm,1
74.80000000000001,8.9 cm,1
74.9,8.9 cm,1
75,8.9 cm,1
75.1,8.9 cm,1
75.2,8.9 cm,1
75.30000000000001,8.9 cm,1
75.4,8.9 cm,1
75.5,8.9 cm,1
75.6,8.9 cm,1
75.7,8.9 cm,1
75.80000000000001,8.9 cm,1
75.9,8.9 cm,1
76,8.9 cm,1
76.1,8.9 cm,1
76.2,8.9 cm,1
76.30000000000001,8.9 cm,1
76.4,8.9 cm,1
76.5,8.9 cm,1
76.6,8.9 cm,1
76.7,8.9 cm,1
76.80000000000001,8.9 cm,1
76.9,8.9 cm,1
77,8.9 cm,1
77.1,8.9 cm,1
77.2,8.9 cm,1
77.30000000000001,8.9 cm,1
77.4,8.9 cm,1
77.5,8.9 cm,1
77.6,8.9 cm,1
77.7,8.9 cm,1
77.80000000000001,8.9 cm,1
77.9,8.9 cm,1
78,8.9 cm,1
78.1,8.9 cm,1
78.2,8.9 cm,1
78.30000000000001,8.9 cm,1
78.4,8.9 cm,1
78.5,8.9 cm,1
78.6,8.9 cm,1
78.7,8.9 cm,1
78.80000000000001,8.9 cm,1
78.9,8.9 cm,1
79,8.9 cm,1
79.1,8.9 cm,1
79.2,8.9 cm,1
79.30000000000001,8.9 cm,1
79.4,8.9 cm,1
79.5,8.9 cm,1
79.6,8.9 cm,1
79.7,8.9 cm,1
79.80000000000001,8.9 cm,1
79.9,8.9 cm,1
80,8.9 cm,1
80.1,8.9 cm,1
80.2,8.9 cm,1
80.30000000000001,8.9 cm,1
80.4,8.9 cm,1
80.5,8.9 cm,1
80.6,8.9 cm,1
80.7,8.9 cm,1
80.80000000000001,8.9 cm,1
80.9,8.9 cm,1
81,8.9 cm,1
81.1,8.9 cm,1
81.2,8.9 cm,1
81.30000000000001,8.9 cm,1
81.4,8.9 cm,1
81.5,8.9 cm,1
81.6,8.9 cm,1
81.7,8.9 cm,1
81.80000000000001,8.9 cm,1
81.9,8.9 cm,1
82,8.9 cm,1
82.1,8.9 cm,1
82.2,8.9 cm,1
82.30000000000001,8.9 cm,1
82.4,8.9 cm,1
82.5,8.9 cm,1
82.6,8.9 cm,1
82.7,8.9 cm,1
82.80000000000001,8.9 cm,1
82.9,8.9 cm,1
83,8.9 cm,1
83.1,8.9 cm,1
83.2,8.9 cm,1
83.30000000000001,8.9 cm,1
83.4,8.9 cm,1
83.5,8.9 cm,1
83.6,8.9 cm,1
83.7,8.9 cm,1
83.80000000000001,8.9 cm,1
83.9,8.9 cm,1
84,8.9 cm,1
84.1,8.9 cm,1
84.2,8.9 cm,1
84.30000000000001,8.9 cm,1
84.4,8.9 cm,1
84.5,8.9 cm,1
84.6,8.9 cm,1
84.7,8.9 cm,1
84.80000000000001,8.9 cm,1
84.9,8.9 cm,1
85,8.9 cm,1
85.1,8.9 cm,1
85.2,8.9 cm,1
85.30000000000001,8.9 cm,1
85.4,8.9 cm,1
85.5,8.9 cm,1
85.6,8.9 cm,1
85.7,8.9 cm,1
85.80000000000001,8.9 cm,1
85.9,8.9 cm,1
86,8.9 cm,1
86.1,8.9 cm,1
86.2,8.9 cm,1
86.30000000000001,8.9 cm,1
86.4,8.9 cm,1
86.5,8.9 cm,1
86.6,8.9 cm,1
86.7,8.9 cm,1
86.80000000000001,8.9 cm,1
86.9,8.9 cm,1
87,8.9 cm,1
87.1,8.9 cm,1
87.2,8.9 cm,1
87.30000000000001,8.9 cm,1
87.4,8.9 cm,1
87.5,8.9 cm,1
87.6,8.9 cm,1
87.7,8.9 cm,1
87.80000000000001,8.9 cm,1
87.9,8.9 cm,1
88,8.9 cm,1
88.1,8.9 cm,1
88.2,8.9 cm,1
88.30000000000001,8.9 cm,1
88.4,8.9 cm,1
88.5,8.9 cm,1
88.6,8.9 cm,1
88.7,8.9 cm,1
88.80000000000001,8.9 cm,1
88.9,8.9 cm,1
89,8.9 cm,1
89.1,8.9 cm,1
89.2,8.9 cm,1
89.30000000000001,8.9 cm,1
89.4,8.9 cm,1
89.5,8.9 cm,1
89.6,8.9 cm,1
89.7,8.9 cm,1
89.80000000000001,8.9 cm,1
89.9,8.9 cm,1
90,8.9 cm,1
90.1,8.9 cm,1
90.2,8.9 cm,1
90.30000000000001,8.9 cm,1
90.4,8.9 cm,1
90.5,8.9 cm,1
90.6,8.9 cm,1
90.7,8.9 cm,1
90.80000000000001,8.9 cm,1
90.9,8.9 cm,1
91,8.9 cm,1
91.1,8.9 cm,1
91.2,8.9 cm,1
91.30000000000001,8.9 cm,1
91.4,8.9 cm,1
91.5,8.9 cm,1
91.6,8.9 cm,1
91.7,8.9 cm,1
91.80000000000001,8.9 cm,1
91.9,8.9 cm,1
92,8.9 cm,1
92.1,8.9 cm,1
92.2,8.9 cm,1
92.30000000000001,8.9 cm,1
92.4,8.9 cm,1
92.5,8.9 cm,1
92.6,8.9 cm,1
92.7,8.9 cm,1
92.80000000000001,8.9 cm,1
92.9,8.9 cm,1
93,8.9 cm,1
93.1,8.9 cm,1
93.2,8.9 cm,1
93.30000000000001,8.9 cm,1
93.4,8.9 cm,1
93.5,8.9 cm,1
93.6,8.9 cm,1
93.7,8.9 cm,1
93.80000000000001,8.9 cm,1
93.9,8.9 cm,1
94,8.9 cm,1
94.2,8.9 cm,1
94.3,8.9 cm,1
94.4,8.9 cm,1
94.5,8.9 cm,1
94.7,8.9 cm,1
94.8,8.9 cm,1
94.9,8.9 cm,1
95,8.9 cm,1
95.2,8.9 cm,1
95.3,8.9 cm,1
95.4,8.9 cm,1
95.5,8.9 cm,1
95.7,8.9 cm,1
95.8,8.9 cm,1
95.9,8.9 cm,1
96,8.9 cm,1
96.2,8.9 cm,1
96.3,8.9 cm,1
96.4,8.9 cm,1
96.5,8.9 cm,1
96.7,8.9 cm,1
96.8,8.9 cm,1
96.9,8.9 cm,1
97,8.9 cm,1
97.2,8.9 cm,1
97.3,8.9 cm,1
97.4,8.9 cm,1
97.5,8.9 cm,1
97.7,8.9 cm,1
97.8,8.9 cm,1
97.9,8.9 cm,1
98,8.9 cm,1
98.2,8.9 cm,1
98.3,8.9 cm,1
98.4,8.9 cm,1
98.5,8.9 cm,1
98.60000000000001,8.9 cm,1
98.7,8.9 cm,1
98.8,8.9 cm,1
98.9,8.9 cm,1
99,8.9 cm,1
99.10000000000001,8.9 cm,1
99.2,8.9 cm,1
99.3,8.9 cm,1
99.4,8.9 cm,1
99.5,8.9 cm,1
99.60000000000001,8.9 cm,1
99.7,8.9 cm,1
99.8,8.9 cm,1
99.9,8.9 cm,1
100,8.9 cm,1
30,9.5 cm,0
30.1,9.5 cm,0
30.2,9.5 cm,0
30.3,9.5 cm,0
30.4,9.5 cm,0
30.5,9.5 cm,0
30.6,9.5 cm,0
30.7,9.5 cm,0
30.8,9.5 cm,0
30.9,9.5 cm,0
31,9.5 cm,0
31.1,9.5 cm,0
31.2,9.5 cm,0
31.3,9.5 cm,0
31.4,9.5 cm,0
31.5,9.5 cm,0
31.6,9.5 cm,0
31.7,9.5 cm,0
31.8,9.5 cm,0
31.9,9.5 cm,0
32,9.5 cm,0
32.1,9.5 cm,0
32.2,9.5 cm,0
32.3,9.5 cm,0
32.4,9.5 cm,0
32.5,9.5 cm,0
32.6,9.5 cm,0
32.7,9.5 cm,0
32.8,9.5 cm,0
32.9,9.5 cm,0
33,9.5 cm,0
33.1,9.5 cm,0
33.2,9.5 cm,0
33.3,9.5 cm,0
33.4,9.5 cm,0
33.5,9.5 cm,0
33.6,9.5 cm,0
33.7,9.5 cm,0
33.8,9.5 cm,0
33.9,9.5 cm,0
34,9.5 cm,0
34.1,9.5 cm,0
34.2,9.5 cm,0
34.3,9.5 cm,0
34.4,9.5 cm,0
34.5,9.5 cm,0
34.6,9.5 cm,0
34.7,9.5 cm,0
34.8,9.5 cm,0
34.9,9.5 cm,0
35,9.5 cm,0
35.1,9.5 cm,0
35.2,9.5 cm,0
35.3,9.5 cm,0
35.4,9.5 cm,0
35.5,9.5 cm,0
35.6,9.5 cm,0
35.7,9.5 cm,0
35.8,9.5 cm,0
35.9,9.5 cm,0
36,9.5 cm,0
36.1,9.5 cm,0
36.2,9.5 cm,0
36.3,9.5 cm,0
36.4,9.5 cm,0
36.5,9.5 cm,0
36.6,9.5 cm,0
36.7,9.5 cm,0
36.8,9.5 cm,0
36.9,9.5 cm,0
37,9.5 cm,0
37.1,9.5 cm,0
37.2,9.5 cm,0
37.3,9.5 cm,0
37.4,9.5 cm,0
37.5,9.5 cm,0
37.6,9.5 cm,0
37.7,9.5 cm,0
37.8,9.5 cm,0
37.9,9.5 cm,0
38,9.5 cm,0
38.1,9.5 cm,0
38.2,9.5 cm,0
38.3,9.5 cm,0
38.4,9.5 cm,0
38.5,9.5 cm,0
38.6,9.5 cm,0
38.7,9.5 cm,0
38.8,9.5 cm,0
38.9,9.5 cm,0
39,9.5 cm,0
39.1,9.5 cm,0
39.2,9.5 cm,0
39.3,9.5 cm,0
39.4,9.5 cm,0
39.5,9.5 cm,0
39.6,9.5 cm,0
39.7,9.5 cm,0
39.8,9.5 cm,0
39.9,9.5 cm,0
40,9.5 cm,0
40.1,9.5 cm,0
40.2,9.5 cm,0
40.3,9.5 cm,0
40.4,9.5 cm,0
40.5,9.5 cm,0
40.6,9.5 cm,0
40.7,9.5 cm,0
40.8,9.5 cm,0
40.9,9.5 cm,0
41,9.5 cm,0
41.1,9.5 cm,0
41.2,9.5 cm,0
41.3,9.5 cm,0
41.4,9.5 cm,0
41.5,9.5 cm,0
41.6,9.5 cm,0
41.7,9.5 cm,0
41.8,9.5 cm,0
41.9,9.5 cm,0
42,9.5 cm,0
42.1,9.5 cm,0
42.2,9.5 cm,0
42.3,9.5 cm,0
42.4,9.5 cm,0
42.5,9.5 cm,0
42.6,9.5 cm,0
42.7,9.5 cm,0
42.8,9.5 cm,0
42.9,9.5 cm,0
43,9.5 cm,0
43.1,9.5 cm,0
43.2,9.5 cm,0
43.3,9.5 cm,0
43.4,9.5 cm,0
43.5,9.5 cm,0
43.6,9.5 cm,0
43.7,9.5 cm,0
43.8,9.5 cm,0
43.9,9.5 cm,0
44,9.5 cm,0
44.1,9.5 cm,0
44.2,9.5 cm,0
44.3,9.5 cm,0
44.4,9.5 cm,0
44.5,9.5 cm,0
44.6,9.5 cm,0
44.7,9.5 cm,0
44.8,9.5 cm,0
44.9,9.5 cm,0
45,9.5 cm,0
45.1,9.5 cm,0
45.2,9.5 cm,0
45.3,9.5 cm,0
45.4,9.5 cm,0
45.5,9.5 cm,0
45.6,9.5 cm,0
45.7,9.5 cm,0
45.8,9.5 cm,0
45.9,9.5 cm,0
46,9.5 cm,0
46.1,9.5 cm,0
46.2,9.5 cm,0
46.3,9.5 cm,0
46.5,9.5 cm,0
46.6,9.5 cm,0
46.7,9.5 cm,0
46.8,9.5 cm,0
47,9.5 cm,0
47.1,9.5 cm,0
47.2,9.5 cm,0
47.3,9.5 cm,0
47.400000000000006,9.5 cm,0
47.5,9.5 cm,0
47.6,9.5 cm,0
47.7,9.5 cm,0
47.8,9.5 cm,0
47.900000000000006,9.5 cm,0
48,9.5 cm,0
48.1,9.5 cm,0
48.2,9.5 cm,0
48.3,9.5 cm,0
48.400000000000006,9.5 cm,0
48.5,9.5 cm,0
48.6,9.5 cm,0
48.7,9.5 cm,0
48.8,9.5 cm,0
48.900000000000006,9.5 cm,0
49,9.5 cm,0
49.1,9.5 cm,0
49.2,9.5 cm,0
49.3,9.5 cm,0
49.400000000000006,9.5 cm,0
49.5,9.5 cm,0
49.6,9.5 cm,0
49.7,9.5 cm,0
49.8,9.5 cm,2e-4
49.900000000000006,9.5 cm,0
50,9.5 cm,0
50.1,9.5 cm,0
50.2,9.5 cm,0
50.3,9.5 cm,0
50.400000000000006,9.5 cm,0
50.5,9.5 cm,2e-4
50.6,9.5 cm,0
50.7,9.5 cm,0
50.8,9.5 cm,0
50.900000000000006,9.5 cm,0
51,9.5 cm,2e-4
51.1,9.5 cm,2e-4
51.2,9.5 cm,4e-4
51.3,9.5 cm,2e-4
51.400000000000006,9.5 cm,6e-4
51.5,9.5 cm,4e-4
51.6,9.5 cm,6e-4
51.7,9.5 cm,6e-4
51.8,9.5 cm,6e-4
51.900000000000006,9.5 cm,8e-4
52,9.5 cm,0
52.1,9.5 cm,0.001
52.2,9.5 cm,8e-4
52.3,9.5 cm,0.0012
52.400000000000006,9.5 cm,6e-4
52.5,9.5 cm,0.0014
52.6,9.5 cm,0.0016
52.7,9.5 cm,0.0022
52.8,9.5 cm,8e-4
52.900000000000006,9.5 cm,0.0016
53,9.5 cm,0.0024
53.1,9.5 cm,0.0012
53.2,9.5 cm,0.0036
53.3,9.5 cm,0.0024
53.400000000000006,9.5 cm,0.0042
53.5,9.5 cm,0.0036
53.6,9.5 cm,0.0042
53.7,9.5 cm,0.0052
53.8,9.5 cm,0.0058
53.900000000000006,9.5 cm,0.0078
54,9.5 cm,0.006
54.1,9.5 cm,0.0068
54.2,9.5 cm,0.01
54.3,9.5 cm,0.008
54.400000000000006,9.5 cm,0.0084
54.5,9.5 cm,0.0094
54.6,9.5 cm,0.01
54.7,9.5 cm,0.013
54.8,9.5 cm,0.0106
54.900000000000006,9.5 cm,0.0134
55,9.5 cm,0.0168
55.1,9.5 cm,0.0208
55.2,9.5 cm,0.017
55.3,9.5 cm,0.0228
55.400000000000006,9.5 cm,0.0254
55.5,9.5 cm,0.0242
55.6,9.5 cm,0.027
55.7,9.5 cm,0.024
55.8,9.5 cm,0.0314
55.900000000000006,9.5 cm,0.0364
56,9.5 cm,0.0302
56.1,9.5 cm,0.0424
56.2,9.5 cm,0.0392
56.3,9.5 cm,0.045
56.400000000000006,9.5 cm,0.0504
56.5,9.5 cm,0.0518
56.6,9.5 cm,0.0584
56.7,9.5 cm,0.057
56.8,9.5 cm,0.0696
56.900000000000006,9.5 cm,0.0694
57,9.5 cm,0.071
57.1,9.5 cm,0.084
57.2,9.5 cm,0.0878
57.3,9.5 cm,0.0862
57.400000000000006,9.5 cm,0.0982
57.5,9.5 cm,0.1022
57.6,9.5 cm,0.0996
57.7,9.5 cm,0.1072
57.8,9.5 cm,0.1306
57.900000000000006,9.5 cm,0.1258
58,9.5 cm,0.13
58.1,9.5 cm,0.1456
58.2,9.5 cm,0.1448
58.3,9.5 cm,0.1594
58.400000000000006,9.5 cm,0.1594
58.5,9.5 cm,0.177
58.6,9.5 cm,0.1884
58.7,9.5 cm,0.206
58.8,9.5 cm,0.201
58.900000000000006,9.5 cm,0.205
59,9.5 cm,0.2104
59.1,9.5 cm,0.2266
59.2,9.5 cm,0.233
59.3,9.5 cm,0.2508
59.400000000000006,9.5 cm,0.2648
59.5,9.5 cm,0.2618
59.6,9.5 cm,0.2874
59.7,9.5 cm,0.2816
59.8,9.5 cm,0.2968
59.900000000000006,9.5 cm,0.3194
60,9.5 cm,0.3296
60.1,9.5 cm,0.3296
60.2,9.5 cm,0.3472
60.3,9.5 cm,0.3702
60.400000000000006,9.5 cm,0.3732
60.5,9.5 cm,0.3758
60.6,9.5 cm,0.4012
60.7,9.5 cm,0.414
60.8,9.5 cm,0.434
60.900000000000006,9.5 cm,0.444
61,9.5 cm,0.4556
61.1,9.5 cm,0.4658
61.2,9.5 cm,0.4794
61.3,9.5 cm,0.4922
61.400000000000006,9.5 cm,0.4892
61.5,9.5 cm,0.5262
61.6,9.5 cm,0.5312
61.7,9.5 cm,0.5352
61.8,9.5 cm,0.564
61.900000000000006,9.5 cm,0.5552
62,9.5 cm,0.579
62.1,9.5 cm,0.5878
62.2,9.5 cm,0.597
62.4,9.5 cm,0.6222
62.5,9.5 cm,0.6394
62.6,9.5 cm,0.6556
62.7,9.5 cm,0.6502
62.9,9.5 cm,0.6746
63,9.5 cm,0.6888
63.1,9.5 cm,0.7022
63.2,9.5 cm,0.733
63.4,9.5 cm,0.7188
63.5,9.5 cm,0.7454
63.6,9.5 cm,0.7542
63.7,9.5 cm,0.768
63.9,9.5 cm,0.7776
64,9.5 cm,0.7954
64.1,9.5 cm,0.793
64.2,9.5 cm,0.808
64.30000000000001,9.5 cm,0.811
64.4,9.5 cm,0.8248
64.5,9.5 cm,0.8386
64.6,9.5 cm,0.8392
64.7,9.5 cm,0.8474
64.80000000000001,9.5 cm,0.8488
64.9,9.5 cm,0.8514
65,9.5 cm,0.8668
65.1,9.5 cm,0.8716
65.2,9.5 cm,0.8796
65.30000000000001,9.5 cm,0.883
65.4,9.5 cm,0.8876
65.5,9.5 cm,0.8894
65.6,9.5 cm,0.9042
65.7,9.5 cm,0.9044
65.80000000000001,9.5 cm,0.9086
65.9,9.5 cm,0.9112
66,9.5 cm,0.9228
66.1,9.5 cm,0.921
66.2,9.5 cm,0.9224
66.30000000000001,9.5 cm,0.9308
66.4,9.5 cm,0.9354
66.5,9.5 cm,0.9406
66.6,9.5 cm,0.9354
66.7,9.5 cm,0.9386
66.80000000000001,9.5 cm,0.9506
66.9,9.5 cm,0.9552
67,9.5 cm,0.955
67.1,9.5 cm,0.96
67.2,9.5 cm,0.9562
67.30000000000001,9.5 cm,0.9618
67.4,9.5 cm,0.9646
67.5,9.5 cm,0.9674
67.6,9.5 cm,0.9668
67.7,9.5 cm,0.9692
67.80000000000001,9.5 cm,0.9708
67.9,9.5 cm,0.9718
68,9.5 cm,0.978
68.1,9.5 cm,0.98
68.2,9.5 cm,0.9818
68.30000000000001,9.5 cm,0.9848
68.4,9.5 cm,0.981
68.5,9.5 cm,0.9828
68.6,9.5 cm,0.9846
68.7,9.5 cm,0.9864
68.80000000000001,9.5 cm,0.9868
68.9,9.5 cm,0.9856
69,9.5 cm,0.986
69.1,9.5 cm,0.9898
69.2,9.5 cm,0.9886
69.30000000000001,9.5 cm,0.9888
69.4,9.5 cm,0.9916
69.5,9.5 cm,0.99
69.6,9.5 cm,0.9948
69.7,9.5 cm,0.9922
69.80000000000001,9.5 cm,0.9952
69.9,9.5 cm,0.994
70,9.5 cm,0.9942
70.1,9.5 cm,0.9944
70.2,9.5 cm,0.995
70.30000000000001,9.5 cm,0.995
70.4,9.5 cm,0.9968
70.5,9.5 cm,0.9964
70.6,9.5 cm,0.9982
70.7,9.5 cm,0.9968
70.80000000000001,9.5 cm,0.997
70.9,9.5 cm,0.9984
71,9.5 cm,0.998
71.1,9.5 cm,0.998
71.2,9.5 cm,0.9978
71.30000000000001,9.5 cm,0.9974
71.4,9.5 cm,0.9988
71.5,9.5 cm,0.999
71.6,9.5 cm,0.9984
71.7,9.5 cm,0.999
71.80000000000001,9.5 cm,0.9994
71.9,9.5 cm,0.9984
72,9.5 cm,0.999
72.1,9.5 cm,0.9992
72.2,9.5 cm,0.999
72.30000000000001,9.5 cm,0.9986
72.4,9.5 cm,0.9994
72.5,9.5 cm,0.9996
72.6,9.5 cm,0.9986
72.7,9.5 cm,0.9998
72.80000000000001,9.5 cm,0.9994
72.9,9.5 cm,0.9994
73,9.5 cm,0.9996
73.1,9.5 cm,0.9994
73.2,9.5 cm,0.9998
73.30000000000001,9.5 cm,0.9998
73.4,9.5 cm,0.9998
73.5,9.5 cm,0.9996
73.6,9.5 cm,0.9998
73.7,9.5 cm,0.9996
73.80000000000001,9.5 cm,0.9998
73.9,9.5 cm,1
74,9.5 cm,1
74.1,9.5 cm,1
74.2,9.5 cm,0.9998
74.30000000000001,9.5 cm,1
74.4,9.5 cm,1
74.5,9.5 cm,1
74.6,9.5 cm,0.9998
74.7,9.5 cm,0.9998
74.80000000000001,9.5 cm,1
74.9,9.5 cm,1
75,9.5 cm,1
75.1,9.5 cm,0.9998
75.2,9.5 cm,1
75.30000000000001,9.5 cm,0.9998
75.4,9.5 cm,1
75.5,9.5 cm,1
75.6,9.5 cm,1
75.7,9.5 cm,1
75.80000000000001,9.5 cm,1
75.9,9.5 cm,1
76,9.5 cm,1
76.1,9.5 cm,1
76.2,9.5 cm,1
76.30000000000001,9.5 cm,1
76.4,9.5 cm,1
76.5,9.5 cm,1
76.6,9.5 cm,0.9998
76.7,9.5 cm,1
76.80000000000001,9.5 cm,1
76.9,9.5 cm,1
77,9.5 cm,1
77.1,9.5 cm,1
77.2,9.5 cm,1
77.30000000000001,9.5 cm,1
77.4,9.5 cm,1
77.5,9.5 cm,1
77.6,9.5 cm,1
77.7,9.5 cm,1
77.80000000000001,9.5 cm,1
77.9,9.5 cm,1
78,9.5 cm,1
78.1,9.5 cm,1
78.2,9.5 cm,1
78.30000000000001,9.5 cm,1
78.4,9.5 cm,1
78.5,9.5 cm,1
78.6,9.5 cm,1
78.7,9.5 cm,1
78.80000000000001,9.5 cm,1
78.9,9.5 cm,1
79,9.5 cm,1
79.1,9.5 cm,1
79.2,9.5 cm,1
79.30000000000001,9.5 cm,1
79.4,9.5 cm,1
79.5,9.5 cm,1
79.6,9.5 cm,1
79.7,9.5 cm,1
79.80000000000001,9.5 cm,1
79.9,9.5 cm,1
80,9.5 cm,1
80.1,9.5 cm,1
80.2,9.5 cm,1
80.30000000000001,9.5 cm,1
80.4,9.5 cm,1
80.5,9.5 cm,1
80.6,9.5 cm,1
80.7,9.5 cm,1
80.80000000000001,9.5 cm,1
80.9,9.5 cm,1
81,9.5 cm,1
81.1,9.5 cm,1
81.2,9.5 cm,1
81.30000000000001,9.5 cm,1
81.4,9.5 cm,1
81.5,9.5 cm,1
81.6,9.5 cm,1
81.7,9.5 cm,1
81.80000000000001,9.5 cm,1
81.9,9.5 cm,1
82,9.5 cm,1
82.1,9.5 cm,1
82.2,9.5 cm,1
82.30000000000001,9.5 cm,1
82.4,9.5 cm,1
82.5,9.5 cm,1
82.6,9.5 cm,1
82.7,9.5 cm,1
82.80000000000001,9.5 cm,1
82.9,9.5 cm,1
83,9.5 cm,1
83.1,9.5 cm,1
83.2,9.5 cm,1
83.30000000000001,9.5 cm,1
83.4,9.5 cm,1
83.5,9.5 cm,1
83.6,9.5 cm,1
83.7,9.5 cm,1
83.80000000000001,9.5 cm,1
83.9,9.5 cm,1
84,9.5 cm,1
84.1,9.5 cm,1
84.2,9.5 cm,1
84.30000000000001,9.5 cm,1
84.4,9.5 cm,1
84.5,9.5 cm,1
84.6,9.5 cm,1
84.7,9.5 cm,1
84.80000000000001,9.5 cm,1
84.9,9.5 cm,1
85,9.5 cm,1
85.1,9.5 cm,1
85.2,9.5 cm,1
85.30000000000001,9.5 cm,1
85.4,9.5 cm,1
85.5,9.5 cm,1
85.6,9.5 cm,1
85.7,9.5 cm,1
85.80000000000001,9.5 cm,1
85.9,9.5 cm,1
86,9.5 cm,1
86.1,9.5 cm,1
86.2,9.5 cm,1
86.30000000000001,9.5 cm,1
86.4,9.5 cm,1
86.5,9.5 cm,1
86.6,9.5 cm,1
86.7,9.5 cm,1
86.80000000000001,9.5 cm,1
86.9,9.5 cm,1
87,9.5 cm,1
87.1,9.5 cm,1
87.2,9.5 cm,1
87.30000000000001,9.5 cm,1
87.4,9.5 cm,1
87.5,9.5 cm,1
87.6,9.5 cm,1
87.7,9.5 cm,1
87.80000000000001,9.5 cm,1
87.9,9.5 cm,1
88,9.5 cm,1
88.1,9.5 cm,1
88.2,9.5 cm,1
88.30000000000001,9.5 cm,1
88.4,9.5 cm,1
88.5,9.5 cm,1
88.6,9.5 cm,1
88.7,9.5 cm,1
88.80000000000001,9.5 cm,1
88.9,9.5 cm,1
89,9.5 cm,1
89.1,9.5 cm,1
89.2,9.5 cm,1
89.30000000000001,9.5 cm,1
89.4,9.5 cm,1
89.5,9.5 cm,1
89.6,9.5 cm,1
89.7,9.5 cm,1
89.80000000000001,9.5 cm,1
89.9,9.5 cm,1
90,9.5 cm,1
90.1,9.5 cm,1
90.2,9.5 cm,1
90.30000000000001,9.5 cm,1
90.4,9.5 cm,1
90.5,9.5 cm,1
90.6,9.5 cm,1
90.7,9.5 cm,1
90.80000000000001,9.5 cm,1
90.9,9.5 cm,1
91,9.5 cm,1
91.1,9.5 cm,1
91.2,9.5 cm,1
91.30000000000001,9.5 cm,1
91.4,9.5 cm,1
91.5,9.5 cm,1
91.6,9.5 cm,1
91.7,9.5 cm,1
91.80000000000001,9.5 cm,1
91.9,9.5 cm,1
92,9.5 cm,1
92.1,9.5 cm,1
92.2,9.5 cm,1
92.30000000000001,9.5 cm,1
92.4,9.5 cm,1
92.5,9.5 cm,1
92.6,9.5 cm,1
92.7,9.5 cm,1
92.80000000000001,9.5 cm,1
92.9,9.5 cm,1
93,9.5 cm,1
93.1,9.5 cm,1
93.2,9.5 cm,1
93.30000000000001,9.5 cm,1
93.4,9.5 cm,1
93.5,9.5 cm,1
93.6,9.5 cm,1
93.7,9.5 cm,1
93.80000000000001,9.5 cm,1
93.9,9.5 cm,1
94,9.5 cm,1
94.2,9.5 cm,1
94.3,9.5 cm,1
94.4,9.5 cm,1
94.5,9.5 cm,1
94.7,9.5 cm,1
94.8,9.5 cm,1
94.9,9.5 cm,1
95,9.5 cm,1
95.2,9.5 cm,1
95.3,9.5 cm,1
95.4,9.5 cm,1
95.5,9.5 cm,1
95.7,9.5 cm,1
95.8,9.5 cm,1
95.9,9.5 cm,1
96,9.5 cm,1
96.2,9.5 cm,1
96.3,9.5 cm,1
96.4,9.5 cm,1
96.5,9.5 cm,1
96.7,9.5 cm,1
96.8,9.5 cm,1
96.9,9.5 cm,1
97,9.5 cm,1
97.2,9.5 cm,1
97.3,9.5 cm,1
97.4,9.5 cm,1
97.5,9.5 cm,1
97.7,9.5 cm,1
97.8,9.5 cm,1
97.9,9.5 cm,1
98,9.5 cm,1
98.2,9.5 cm,1
98.3,9.5 cm,1
98.4,9.5 cm,1
98.5,9.5 cm,1
98.60000000000001,9.5 cm,1
98.7,9.5 cm,1
98.8,9.5 cm,1
98.9,9.5 cm,1
99,9.5 cm,1
99.10000000000001,9.5 cm,1
99.2,9.5 cm,1
99.3,9.5 cm,1
99.4,9.5 cm,1
99.5,9.5 cm,1
99.60000000000001,9.5 cm,1
99.7,9.5 cm,1
99.8,9.5 cm,1
99.9,9.5 cm,1
100,9.5 cm,1
30,10.2 cm,0
30.1,10.2 cm,0
30.2,10.2 cm,0
30.3,10.2 cm,0
30.4,10.2 cm,0
30.5,10.2 cm,0
30.6,10.2 cm,0
30.7,10.2 cm,0
30.8,10.2 cm,0
30.9,10.2 cm,0
31,10.2 cm,0
31.1,10.2 cm,0
31.2,10.2 cm,0
31.3,10.2 cm,0
31.4,10.2 cm,0
31.5,10.2 cm,0
31.6,10.2 cm,0
31.7,10.2 cm,0
31.8,10.2 cm,0
31.9,10.2 cm,0
32,10.2 cm,0
32.1,10.2 cm,0
32.2,10.2 cm,0
32.3,10.2 cm,0
32.4,10.2 cm,0
32.5,10.2 cm,0
32.6,10.2 cm,0
32.7,10.2 cm,0
32.8,10.2 cm,0
32.9,10.2 cm,0
33,10.2 cm,0
33.1,10.2 cm,0
33.2,10.2 cm,0
33.3,10.2 cm,0
33.4,10.2 cm,0
33.5,10.2 cm,0
33.6,10.2 cm,0
33.7,10.2 cm,0
33.8,10.2 cm,0
33.9,10.2 cm,0
34,10.2 cm,0
34.1,10.2 cm,0
34.2,10.2 cm,0
34.3,10.2 cm,0
34.4,10.2 cm,0
34.5,10.2 cm,0
34.6,10.2 cm,0
34.7,10.2 cm,0
34.8,10.2 cm,0
34.9,10.2 cm,0
35,10.2 cm,0
35.1,10.2 cm,0
35.2,10.2 cm,0
35.3,10.2 cm,0
35.4,10.2 cm,0
35.5,10.2 cm,0
35.6,10.2 cm,0
35.7,10.2 cm,0
35.8,10.2 cm,0
35.9,10.2 cm,0
36,10.2 cm,0
36.1,10.2 cm,0
36.2,10.2 cm,0
36.3,10.2 cm,0
36.4,10.2 cm,0
36.5,10.2 cm,0
36.6,10.2 cm,0
36.7,10.2 cm,0
36.8,10.2 cm,0
36.9,10.2 cm,0
37,10.2 cm,0
37.1,10.2 cm,0
37.2,10.2 cm,0
37.3,10.2 cm,0
37.4,10.2 cm,0
37.5,10.2 cm,0
37.6,10.2 cm,0
37.7,10.2 cm,0
37.8,10.2 cm,0
37.9,10.2 cm,0
38,10.2 cm,0
38.1,10.2 cm,0
38.2,10.2 cm,0
38.3,10.2 cm,0
38.4,10.2 cm,0
38.5,10.2 cm,0
38.6,10.2 cm,0
38.7,10.2 cm,0
38.8,10.2 cm,0
38.9,10.2 cm,0
39,10.2 cm,0
39.1,10.2 cm,0
39.2,10.2 cm,0
39.3,10.2 cm,0
39.4,10.2 cm,0
39.5,10.2 cm,0
39.6,10.2 cm,0
39.7,10.2 cm,0
39.8,10.2 cm,0
39.9,10.2 cm,0
40,10.2 cm,0
40.1,10.2 cm,0
40.2,10.2 cm,0
40.3,10.2 cm,0
40.4,10.2 cm,0
40.5,10.2 cm,0
40.6,10.2 cm,0
40.7,10.2 cm,0
40.8,10.2 cm,0
40.9,10.2 cm,0
41,10.2 cm,0
41.1,10.2 cm,0
41.2,10.2 cm,0
41.3,10.2 cm,0
41.4,10.2 cm,0
41.5,10.2 cm,0
41.6,10.2 cm,0
41.7,10.2 cm,0
41.8,10.2 cm,0
41.9,10.2 cm,0
42,10.2 cm,0
42.1,10.2 cm,0
42.2,10.2 cm,0
42.3,10.2 cm,0
42.4,10.2 cm,0
42.5,10.2 cm,0
42.6,10.2 cm,0
42.7,10.2 cm,0
42.8,10.2 cm,0
42.9,10.2 cm,0
43,10.2 cm,0
43.1,10.2 cm,0
43.2,10.2 cm,0
43.3,10.2 cm,0
43.4,10.2 cm,0
43.5,10.2 cm,0
43.6,10.2 cm,0
43.7,10.2 cm,0
43.8,10.2 cm,0
43.9,10.2 cm,0
44,10.2 cm,0
44.1,10.2 cm,0
44.2,10.2 cm,0
44.3,10.2 cm,0
44.4,10.2 cm,0
44.5,10.2 cm,0
44.6,10.2 cm,0
44.7,10.2 cm,0
44.8,10.2 cm,0
44.9,10.2 cm,0
45,10.2 cm,0
45.1,10.2 cm,0
45.2,10.2 cm,0
45.3,10.2 cm,0
45.4,10.2 cm,0
45.5,10.2 cm,0
45.6,10.2 cm,0
45.7,10.2 cm,0
45.8,10.2 cm,0
45.9,10.2 cm,0
46,10.2 cm,0
46.1,10.2 cm,0
46.2,10.2 cm,0
46.3,10.2 cm,0
46.5,10.2 cm,0
46.6,10.2 cm,0
46.7,10.2 cm,0
46.8,10.2 cm,0
47,10.2 cm,0
47.1,10.2 cm,0
47.2,10.2 cm,0
47.3,10.2 cm,0
47.400000000000006,10.2 cm,0
47.5,10.2 cm,0
47.6,10.2 cm,0
47.7,10.2 cm,0
47.8,10.2 cm,0
47.900000000000006,10.2 cm,0
48,10.2 cm,0
48.1,10.2 cm,0
48.2,10.2 cm,0
48.3,10.2 cm,0
48.400000000000006,10.2 cm,0
48.5,10.2 cm,0
48.6,10.2 cm,0
48.7,10.2 cm,0
48.8,10.2 cm,0
48.900000000000006,10.2 cm,0
49,10.2 cm,0
49.1,10.2 cm,0
49.2,10.2 cm,0
49.3,10.2 cm,0
49.400000000000006,10.2 cm,0
49.5,10.2 cm,0
49.6,10.2 cm,0
49.7,10.2 cm,0
49.8,10.2 cm,0
49.900000000000006,10.2 cm,0
50,10.2 cm,0
50.1,10.2 cm,0
50.2,10.2 cm,0
50.3,10.2 cm,0
50.400000000000006,10.2 cm,0
50.5,10.2 cm,0
50.6,10.2 cm,0
50.7,10.2 cm,0
50.8,10.2 cm,0
50.900000000000006,10.2 cm,0
51,10.2 cm,0
51.1,10.2 cm,0
51.2,10.2 cm,0
51.3,10.2 cm,0
51.400000000000006,10.2 cm,0
51.5,10.2 cm,0
51.6,10.2 cm,2e-4
51.7,10.2 cm,0
51.8,10.2 cm,0
51.900000000000006,10.2 cm,0
52,10.2 cm,0
52.1,10.2 cm,0
52.2,10.2 cm,0
52.3,10.2 cm,0
52.400000000000006,10.2 cm,0
52.5,10.2 cm,0
52.6,10.2 cm,0
52.7,10.2 cm,0
52.8,10.2 cm,0
52.900000000000006,10.2 cm,0
53,10.2 cm,0
53.1,10.2 cm,0
53.2,10.2 cm,0
53.3,10.2 cm,0
53.400000000000006,10.2 cm,0
53.5,10.2 cm,2e-4
53.6,10.2 cm,0
53.7,10.2 cm,0
53.8,10.2 cm,2e-4
53.900000000000006,10.2 cm,2e-4
54,10.2 cm,0
54.1,10.2 cm,4e-4
54.2,10.2 cm,0
54.3,10.2 cm,2e-4
54.400000000000006,10.2 cm,2e-4
54.5,10.2 cm,2e-4
54.6,10.2 cm,2e-4
54.7,10.2 cm,6e-4
54.8,10.2 cm,0
54.900000000000006,10.2 cm,2e-4
55,10.2 cm,2e-4
55.1,10.2 cm,0.001
55.2,10.2 cm,8e-4
55.3,10.2 cm,6e-4
55.400000000000006,10.2 cm,0.0012
55.5,10.2 cm,6e-4
55.6,10.2 cm,8e-4
55.7,10.2 cm,0.0016
55.8,10.2 cm,0.0014
55.900000000000006,10.2 cm,0.0014
56,10.2 cm,6e-4
56.1,10.2 cm,0.0012
56.2,10.2 cm,0.0016
56.3,10.2 cm,0.0016
56.400000000000006,10.2 cm,0.0022
56.5,10.2 cm,0.0018
56.6,10.2 cm,0.0028
56.7,10.2 cm,0.0042
56.8,10.2 cm,0.004
56.900000000000006,10.2 cm,0.0032
57,10.2 cm,0.0032
57.1,10.2 cm,0.004
57.2,10.2 cm,0.006
57.3,10.2 cm,0.0048
57.400000000000006,10.2 cm,0.0064
57.5,10.2 cm,0.0084
57.6,10.2 cm,0.006
57.7,10.2 cm,0.0088
57.8,10.2 cm,0.009
57.900000000000006,10.2 cm,0.0062
58,10.2 cm,0.0126
58.1,10.2 cm,0.0122
58.2,10.2 cm,0.0108
58.3,10.2 cm,0.0148
58.400000000000006,10.2 cm,0.0134
58.5,10.2 cm,0.017
58.6,10.2 cm,0.0168
58.7,10.2 cm,0.0194
58.8,10.2 cm,0.0196
58.900000000000006,10.2 cm,0.0224
59,10.2 cm,0.0216
59.1,10.2 cm,0.0244
59.2,10.2 cm,0.0252
59.3,10.2 cm,0.031
59.400000000000006,10.2 cm,0.0292
59.5,10.2 cm,0.0308
59.6,10.2 cm,0.036
59.7,10.2 cm,0.0414
59.8,10.2 cm,0.0352
59.900000000000006,10.2 cm,0.0472
60,10.2 cm,0.0508
60.1,10.2 cm,0.0448
60.2,10.2 cm,0.058
60.3,10.2 cm,0.0578
60.400000000000006,10.2 cm,0.067
60.5,10.2 cm,0.0644
60.6,10.2 cm,0.0716
60.7,10.2 cm,0.0742
60.8,10.2 cm,0.0802
60.900000000000006,10.2 cm,0.0866
61,10.2 cm,0.0882
61.1,10.2 cm,0.0902
61.2,10.2 cm,0.1008
61.3,10.2 cm,0.11
61.400000000000006,10.2 cm,0.114
61.5,10.2 cm,0.1202
61.6,10.2 cm,0.1276
61.7,10.2 cm,0.1286
61.8,10.2 cm,0.1416
61.900000000000006,10.2 cm,0.1406
62,10.2 cm,0.1582
62.1,10.2 cm,0.1716
62.2,10.2 cm,0.1664
62.4,10.2 cm,0.1898
62.5,10.2 cm,0.197
62.6,10.2 cm,0.2036
62.7,10.2 cm,0.2072
62.9,10.2 cm,0.2236
63,10.2 cm,0.2416
63.1,10.2 cm,0.2472
63.2,10.2 cm,0.2704
63.4,10.2 cm,0.2802
63.5,10.2 cm,0.2872
63.6,10.2 cm,0.294
63.7,10.2 cm,0.3158
63.9,10.2 cm,0.3274
64,10.2 cm,0.3436
64.1,10.2 cm,0.348
64.2,10.2 cm,0.3662
64.30000000000001,10.2 cm,0.373
64.4,10.2 cm,0.3944
64.5,10.2 cm,0.4048
64.6,10.2 cm,0.4056
64.7,10.2 cm,0.4184
64.80000000000001,10.2 cm,0.4268
64.9,10.2 cm,0.4402
65,10.2 cm,0.4632
65.1,10.2 cm,0.4744
65.2,10.2 cm,0.4844
65.30000000000001,10.2 cm,0.487
65.4,10.2 cm,0.4928
65.5,10.2 cm,0.5072
65.6,10.2 cm,0.527
65.7,10.2 cm,0.5354
65.80000000000001,10.2 cm,0.5546
65.9,10.2 cm,0.5476
66,10.2 cm,0.5646
66.1,10.2 cm,0.5882
66.2,10.2 cm,0.578
66.30000000000001,10.2 cm,0.6016
66.4,10.2 cm,0.6254
66.5,10.2 cm,0.6394
66.6,10.2 cm,0.6396
66.7,10.2 cm,0.6496
66.80000000000001,10.2 cm,0.6576
66.9,10.2 cm,0.6718
67,10.2 cm,0.6854
67.1,10.2 cm,0.7022
67.2,10.2 cm,0.7112
67.30000000000001,10.2 cm,0.7138
67.4,10.2 cm,0.721
67.5,10.2 cm,0.7382
67.6,10.2 cm,0.7436
67.7,10.2 cm,0.7534
67.80000000000001,10.2 cm,0.7614
67.9,10.2 cm,0.7598
68,10.2 cm,0.7748
68.1,10.2 cm,0.7906
68.2,10.2 cm,0.7906
68.30000000000001,10.2 cm,0.8024
68.4,10.2 cm,0.8182
68.5,10.2 cm,0.8216
68.6,10.2 cm,0.8298
68.7,10.2 cm,0.8282
68.80000000000001,10.2 cm,0.8418
68.9,10.2 cm,0.8462
69,10.2 cm,0.8496
69.1,10.2 cm,0.8626
69.2,10.2 cm,0.8612
69.30000000000001,10.2 cm,0.873
69.4,10.2 cm,0.8866
69.5,10.2 cm,0.8824
69.6,10.2 cm,0.8876
69.7,10.2 cm,0.8958
69.80000000000001,10.2 cm,0.902
69.9,10.2 cm,0.9036
70,10.2 cm,0.9122
70.1,10.2 cm,0.9168
70.2,10.2 cm,0.9176
70.30000000000001,10.2 cm,0.9148
70.4,10.2 cm,0.9384
70.5,10.2 cm,0.9284
70.6,10.2 cm,0.9364
70.7,10.2 cm,0.9404
70.80000000000001,10.2 cm,0.9382
70.9,10.2 cm,0.943
71,10.2 cm,0.947
71.1,10.2 cm,0.9478
71.2,10.2 cm,0.9472
71.30000000000001,10.2 cm,0.955
71.4,10.2 cm,0.9542
71.5,10.2 cm,0.9564
71.6,10.2 cm,0.9632
71.7,10.2 cm,0.96
71.80000000000001,10.2 cm,0.9666
71.9,10.2 cm,0.9674
72,10.2 cm,0.9672
72.1,10.2 cm,0.969
72.2,10.2 cm,0.9698
72.30000000000001,10.2 cm,0.9746
72.4,10.2 cm,0.975
72.5,10.2 cm,0.9756
72.6,10.2 cm,0.9776
72.7,10.2 cm,0.9812
72.80000000000001,10.2 cm,0.983
72.9,10.2 cm,0.9824
73,10.2 cm,0.985
73.1,10.2 cm,0.9868
73.2,10.2 cm,0.9858
73.30000000000001,10.2 cm,0.985
73.4,10.2 cm,0.9878
73.5,10.2 cm,0.9856
73.6,10.2 cm,0.9912
73.7,10.2 cm,0.9928
73.80000000000001,10.2 cm,0.9922
73.9,10.2 cm,0.9884
74,10.2 cm,0.992
74.1,10.2 cm,0.993
74.2,10.2 cm,0.9942
74.30000000000001,10.2 cm,0.9908
74.4,10.2 cm,0.9954
74.5,10.2 cm,0.993
74.6,10.2 cm,0.9936
74.7,10.2 cm,0.9942
74.80000000000001,10.2 cm,0.9954
74.9,10.2 cm,0.9944
75,10.2 cm,0.9966
75.1,10.2 cm,0.997
75.2,10.2 cm,0.9966
75.30000000000001,10.2 cm,0.9962
75.4,10.2 cm,0.9976
75.5,10.2 cm,0.998
75.6,10.2 cm,0.9982
75.7,10.2 cm,0.9982
75.80000000000001,10.2 cm,0.9974
75.9,10.2 cm,0.9982
76,10.2 cm,0.9978
76.1,10.2 cm,0.9968
76.2,10.2 cm,0.9996
76.30000000000001,10.2 cm,0.999
76.4,10.2 cm,0.9996
76.5,10.2 cm,0.9976
76.6,10.2 cm,0.9992
76.7,10.2 cm,0.9986
76.80000000000001,10.2 cm,1
76.9,10.2 cm,0.999
77,10.2 cm,0.9994
77.1,10.2 cm,0.9986
77.2,10.2 cm,1
77.30000000000001,10.2 cm,0.9994
77.4,10.2 cm,0.9992
77.5,10.2 cm,0.999
77.6,10.2 cm,0.9992
77.7,10.2 cm,0.9996
77.80000000000001,10.2 cm,0.9998
77.9,10.2 cm,0.9998
78,10.2 cm,0.999
78.1,10.2 cm,0.9998
78.2,10.2 cm,1
78.30000000000001,10.2 cm,0.9996
78.4,10.2 cm,1
78.5,10.2 cm,1
78.6,10.2 cm,0.9994
78.7,10.2 cm,1
78.80000000000001,10.2 cm,0.9998
78.9,10.2 cm,0.9998
79,10.2 cm,1
79.1,10.2 cm,1
79.2,10.2 cm,1
79.30000000000001,10.2 cm,1
79.4,10.2 cm,1
79.5,10.2 cm,1
79.6,10.2 cm,1
79.7,10.2 cm,0.9998
79.80000000000001,10.2 cm,0.9998
79.9,10.2 cm,1
80,10.2 cm,1
80.1,10.2 cm,1
80.2,10.2 cm,1
80.30000000000001,10.2 cm,1
80.4,10.2 cm,1
80.5,10.2 cm,1
80.6,10.2 cm,1
80.7,10.2 cm,0.9998
80.80000000000001,10.2 cm,1
80.9,10.2 cm,1
81,10.2 cm,1
81.1,10.2 cm,1
81.2,10.2 cm,1
81.30000000000001,10.2 cm,1
81.4,10.2 cm,1
81.5,10.2 cm,1
81.6,10.2 cm,1
81.7,10.2 cm,1
81.80000000000001,10.2 cm,1
81.9,10.2 cm,1
82,10.2 cm,1
82.1,10.2 cm,1
82.2,10.2 cm,1
82.30000000000001,10.2 cm,1
82.4,10.2 cm,1
82.5,10.2 cm,1
82.6,10.2 cm,1
82.7,10.2 cm,1
82.80000000000001,10.2 cm,1
82.9,10.2 cm,1
83,10.2 cm,1
83.1,10.2 cm,1
83.2,10.2 cm,1
83.30000000000001,10.2 cm,1
83.4,10.2 cm,1
83.5,10.2 cm,1
83.6,10.2 cm,1
83.7,10.2 cm,1
83.80000000000001,10.2 cm,1
83.9,10.2 cm,1
84,10.2 cm,1
84.1,10.2 cm,1
84.2,10.2 cm,1
84.30000000000001,10.2 cm,1
84.4,10.2 cm,1
84.5,10.2 cm,1
84.6,10.2 cm,1
84.7,10.2 cm,1
84.80000000000001,10.2 cm,1
84.9,10.2 cm,1
85,10.2 cm,1
85.1,10.2 cm,1
85.2,10.2 cm,1
85.30000000000001,10.2 cm,1
85.4,10.2 cm,1
85.5,10.2 cm,1
85.6,10.2 cm,1
85.7,10.2 cm,1
85.80000000000001,10.2 cm,1
85.9,10.2 cm,1
86,10.2 cm,1
86.1,10.2 cm,1
86.2,10.2 cm,1
86.30000000000001,10.2 cm,1
86.4,10.2 cm,1
86.5,10.2 cm,1
86.6,10.2 cm,1
86.7,10.2 cm,1
86.80000000000001,10.2 cm,1
86.9,10.2 cm,1
87,10.2 cm,1
87.1,10.2 cm,1
87.2,10.2 cm,1
87.30000000000001,10.2 cm,1
87.4,10.2 cm,1
87.5,10.2 cm,1
87.6,10.2 cm,1
87.7,10.2 cm,1
87.80000000000001,10.2 cm,1
87.9,10.2 cm,1
88,10.2 cm,1
88.1,10.2 cm,1
88.2,10.2 cm,1
88.30000000000001,10.2 cm,1
88.4,10.2 cm,1
88.5,10.2 cm,1
88.6,10.2 cm,1
88.7,10.2 cm,1
88.80000000000001,10.2 cm,1
88.9,10.2 cm,1
89,10.2 cm,1
89.1,10.2 cm,1
89.2,10.2 cm,1
89.30000000000001,10.2 cm,1
89.4,10.2 cm,1
89.5,10.2 cm,1
89.6,10.2 cm,1
89.7,10.2 cm,1
89.80000000000001,10.2 cm,1
89.9,10.2 cm,1
90,10.2 cm,1
90.1,10.2 cm,1
90.2,10.2 cm,1
90.30000000000001,10.2 cm,1
90.4,10.2 cm,1
90.5,10.2 cm,1
90.6,10.2 cm,1
90.7,10.2 cm,1
90.80000000000001,10.2 cm,1
90.9,10.2 cm,1
91,10.2 cm,1
91.1,10.2 cm,1
91.2,10.2 cm,1
91.30000000000001,10.2 cm,1
91.4,10.2 cm,1
91.5,10.2 cm,1
91.6,10.2 cm,1
91.7,10.2 cm,1
91.80000000000001,10.2 cm,1
91.9,10.2 cm,1
92,10.2 cm,1
92.1,10.2 cm,1
92.2,10.2 cm,1
92.30000000000001,10.2 cm,1
92.4,10.2 cm,1
92.5,10.2 cm,1
92.6,10.2 cm,1
92.7,10.2 cm,1
92.80000000000001,10.2 cm,1
92.9,10.2 cm,1
93,10.2 cm,1
93.1,10.2 cm,1
93.2,10.2 cm,1
93.30000000000001,10.2 cm,1
93.4,10.2 cm,1
93.5,10.2 cm,1
93.6,10.2 cm,1
93.7,10.2 cm,1
93.80000000000001,10.2 cm,1
93.9,10.2 cm,1
94,10.2 cm,1
94.2,10.2 cm,1
94.3,10.2 cm,1
94.4,10.2 cm,1
94.5,10.2 cm,1
94.7,10.2 cm,1
94.8,10.2 cm,1
94.9,10.2 cm,1
95,10.2 cm,1
95.2,10.2 cm,1
95.3,10.2 cm,1
95.4,10.2 cm,1
95.5,10.2 cm,1
95.7,10.2 cm,1
95.8,10.2 cm,1
95.9,10.2 cm,1
96,10.2 cm,1
96.2,10.2 cm,1
96.3,10.2 cm,1
96.4,10.2 cm,1
96.5,10.2 cm,1
96.7,10.2 cm,1
96.8,10.2 cm,1
96.9,10.2 cm,1
97,10.2 cm,1
97.2,10.2 cm,1
97.3,10.2 cm,1
97.4,10.2 cm,1
97.5,10.2 cm,1
97.7,10.2 cm,1
97.8,10.2 cm,1
97.9,10.2 cm,1
98,10.2 cm,1
98.2,10.2 cm,1
98.3,10.2 cm,1
98.4,10.2 cm,1
98.5,10.2 cm,1
98.60000000000001,10.2 cm,1
98.7,10.2 cm,1
98.8,10.2 cm,1
98.9,10.2 cm,1
99,10.2 cm,1
99.10000000000001,10.2 cm,1
99.2,10.2 cm,1
99.3,10.2 cm,1
99.4,10.2 cm,1
99.5,10.2 cm,1
99.60000000000001,10.2 cm,1
99.7,10.2 cm,1
99.8,10.2 cm,1
99.9,10.2 cm,1
100,10.2 cm,1
